tweets,clean_tweet,sentiment
"RT @GES2017: .@IvankaTrump: #GES2017 focused on a theme which is key to our future - Women First, Prosperity for All...just think how much‚Ä¶",GES2017 focused on a theme which is key to our future Women First Prosperity for All just think how much,1
"ICYMI, our CEO and co-founder @ParamJaggi traveled to Hyderabad, India to participate in the 2017 Global Entreprene‚Ä¶ https://t.co/DWuM4IUzUQ",ICYMI our CEO and co founder traveled to Hyderabad India to participate in the 2017 Global Entreprene,0
RT @amitabhk87: Glimpses of the most spectacular GES ever - #GES2017! Thanks to @PMOIndia for driving &amp; guiding the entrepreneurial movemen‚Ä¶,Glimpses of the most spectacular GES ever GES2017 Thanks to for driving amp guiding the entrepreneurial movemen,1
"RT @GES2017: .@IvankaTrump: #GES2017 focused on a theme which is key to our future - Women First, Prosperity for All...just think how much‚Ä¶",GES2017 focused on a theme which is key to our future Women First Prosperity for All just think how much,1
RT @GlobalDevLab: Following #GES2017 Getting on the Grid? Look to the bright future of #solar #offgrid #energy https://t.co/Q0WvwNhQpB @Sca‚Ä¶,Following GES2017 Getting on the Grid Look to the bright future of solar offgrid energy,1
RT @amitabhk87: Glimpses of the most spectacular GES ever - #GES2017! Thanks to @PMOIndia for driving &amp; guiding the entrepreneurial movemen‚Ä¶,Glimpses of the most spectacular GES ever GES2017 Thanks to for driving amp guiding the entrepreneurial movemen,1
RT @amitabhk87: Glimpses of the most spectacular GES ever - #GES2017! Thanks to @PMOIndia for driving &amp; guiding the entrepreneurial movemen‚Ä¶,Glimpses of the most spectacular GES ever GES2017 Thanks to for driving amp guiding the entrepreneurial movemen,1
RT @amitabhk87: Glimpses of the most spectacular GES ever - #GES2017! Thanks to @PMOIndia for driving &amp; guiding the entrepreneurial movemen‚Ä¶,Glimpses of the most spectacular GES ever GES2017 Thanks to for driving amp guiding the entrepreneurial movemen,1
RT @amitabhk87: Glimpses of the most spectacular GES ever - #GES2017! Thanks to @PMOIndia for driving &amp; guiding the entrepreneurial movemen‚Ä¶,Glimpses of the most spectacular GES ever GES2017 Thanks to for driving amp guiding the entrepreneurial movemen,1
RT @DIPPGOI: Thank you Mera Gao Power for being a part of our #GES2017 DIPP Innovation Showcase. Your efforts towards making power accessib‚Ä¶,Thank you Mera Gao Power for being a part of our GES2017 DIPP Innovation Showcase Your efforts towards making power accessib,0
"RT @GES2017: .@IvankaTrump: #GES2017 focused on a theme which is key to our future - Women First, Prosperity for All...just think how much‚Ä¶",GES2017 focused on a theme which is key to our future Women First Prosperity for All just think how much,1
RT @MangoMaterials: Thanks to @amazon for the Women First Award at #GES2017 last week! Honored to have been chosen amongst some amazing com‚Ä¶,Thanks to for the Women First Award at GES2017 last week Honored to have been chosen amongst some amazing com,1
RT @amitabhk87: Glimpses of the most spectacular GES ever - #GES2017! Thanks to @PMOIndia for driving &amp; guiding the entrepreneurial movemen‚Ä¶,Glimpses of the most spectacular GES ever GES2017 Thanks to for driving amp guiding the entrepreneurial movemen,1
"RT @GES2017: .@IvankaTrump: #GES2017 focused on a theme which is key to our future - Women First, Prosperity for All...just think how much‚Ä¶",GES2017 focused on a theme which is key to our future Women First Prosperity for All just think how much,1
"@GES2017 @IvankaTrump Madame Ivanka, You  Presented Beautiful Thoughts....
Awesome Theme #WomenFirstProsperityToAll #GES2017",Madame Ivanka You Presented Beautiful Thoughts Awesome Theme WomenFirstProsperityToAll GES2017,1
RT @amitabhk87: Glimpses of the most spectacular GES ever - #GES2017! Thanks to @PMOIndia for driving &amp; guiding the entrepreneurial movemen‚Ä¶,Glimpses of the most spectacular GES ever GES2017 Thanks to for driving amp guiding the entrepreneurial movemen,1
"RT @GES2017: .@IvankaTrump: #GES2017 focused on a theme which is key to our future - Women First, Prosperity for All...just think how much‚Ä¶",GES2017 focused on a theme which is key to our future Women First Prosperity for All just think how much,1
"Congratulations Ajaita Shah from #India! She is the founder of @FrontierMkts, a startup empowering women with solar‚Ä¶ https://t.co/I9spHI0Yqm",Congratulations Ajaita Shah from India She is the founder of a startup empowering women with solar,0
"RT @GES2017: .@IvankaTrump: #GES2017 focused on a theme which is key to our future - Women First, Prosperity for All...just think how much‚Ä¶",GES2017 focused on a theme which is key to our future Women First Prosperity for All just think how much,1
"RT @IvankaTrump: Thank you for the warm welcome. I‚Äôm excited to be in Hyderabad, India for #GES2017. https://t.co/1U08h5L9Rm",Thank you for the warm welcome I m excited to be in Hyderabad India for GES2017,1
RT @ScoringCard: #GES2017 @Roger_ZOUNDI  pitching time.Thanks @IvankaTrump thanks @GES2017 thanks @GISTNetwork thanks @PMOIndia https://t.c‚Ä¶,GES2017 ZOUNDI pitching time Thanks thanks thanks thanks,1
"RT @GES2017: .@IvankaTrump: #GES2017 focused on a theme which is key to our future - Women First, Prosperity for All...just think how much‚Ä¶",GES2017 focused on a theme which is key to our future Women First Prosperity for All just think how much,1
"Congratulations Ajaita Shah from #India! She is the founder of @FrontierMkts, a startup empowering women with solar‚Ä¶ https://t.co/T0sAqFhnHA",Congratulations Ajaita Shah from India She is the founder of a startup empowering women with solar,0
"RT @GES2017: .@IvankaTrump: #GES2017 focused on a theme which is key to our future - Women First, Prosperity for All...just think how much‚Ä¶",GES2017 focused on a theme which is key to our future Women First Prosperity for All just think how much,1
"RTStateDept: .GISTNetwork Catalyst Grand Champion Ajaita Shah created FrontierMkts, a startup that empowers women t‚Ä¶ https://t.co/opRVdd8q5G",StateDept GISTNetwork Catalyst Grand Champion Ajaita Shah created FrontierMkts a startup that empowers women t,1
"RT @GES2017: .@IvankaTrump: #GES2017 focused on a theme which is key to our future - Women First, Prosperity for All...just think how much‚Ä¶",GES2017 focused on a theme which is key to our future Women First Prosperity for All just think how much,1
".@GISTNetwork Catalyst Grand Champion Ajaita Shah created @FrontierMkts, a startup that empowers women through the‚Ä¶ https://t.co/8A9EWh0bMe",Catalyst Grand Champion Ajaita Shah created a startup that empowers women through the,1
"RT @GES2017: .@IvankaTrump: #GES2017 focused on a theme which is key to our future - Women First, Prosperity for All...just think how much‚Ä¶",GES2017 focused on a theme which is key to our future Women First Prosperity for All just think how much,1
RT @amitabhk87: Glimpses of the most spectacular GES ever - #GES2017! Thanks to @PMOIndia for driving &amp; guiding the entrepreneurial movemen‚Ä¶,Glimpses of the most spectacular GES ever GES2017 Thanks to for driving amp guiding the entrepreneurial movemen,1
RT @DIPPGOI: Thank you Mera Gao Power for being a part of our #GES2017 DIPP Innovation Showcase. Your efforts towards making power accessib‚Ä¶,Thank you Mera Gao Power for being a part of our GES2017 DIPP Innovation Showcase Your efforts towards making power accessib,0
"RT @GES2017: .@IvankaTrump: #GES2017 focused on a theme which is key to our future - Women First, Prosperity for All...just think how much‚Ä¶",GES2017 focused on a theme which is key to our future Women First Prosperity for All just think how much,1
"RT @GES2017: .@IvankaTrump: #GES2017 focused on a theme which is key to our future - Women First, Prosperity for All...just think how much‚Ä¶",GES2017 focused on a theme which is key to our future Women First Prosperity for All just think how much,1
RT @amitabhk87: Glimpses of the most spectacular GES ever - #GES2017! Thanks to @PMOIndia for driving &amp; guiding the entrepreneurial movemen‚Ä¶,Glimpses of the most spectacular GES ever GES2017 Thanks to for driving amp guiding the entrepreneurial movemen,1
"RT @GES2017: .@IvankaTrump: #GES2017 focused on a theme which is key to our future - Women First, Prosperity for All...just think how much‚Ä¶",GES2017 focused on a theme which is key to our future Women First Prosperity for All just think how much,1
"RT @GES2017: .@IvankaTrump: #GES2017 focused on a theme which is key to our future - Women First, Prosperity for All...just think how much‚Ä¶",GES2017 focused on a theme which is key to our future Women First Prosperity for All just think how much,1
RT @ManushiChhillar: I am here to speak &amp; interact at the Global Entrepreneurship summit #GES2017 ! Very relevant in today's world that we‚Ä¶,I am here to speak amp interact at the Global Entrepreneurship summit GES2017 Very relevant in today s world that we,1
"RT @GES2017: .@IvankaTrump: #GES2017 focused on a theme which is key to our future - Women First, Prosperity for All...just think how much‚Ä¶",GES2017 focused on a theme which is key to our future Women First Prosperity for All just think how much,1
RT @TripleTASD: Thks @WIONews @ArchithNEWS for cool #GES2017 shoutout #ThinkVR https://t.co/BKK7IgVqrz - #USwithAUS + #India #autism #Litte‚Ä¶,Thks for cool GES2017 shoutout ThinkVR USwithAUS India autism Litte,1
#Boycott #DotardüëâüèΩüßì@realDonaldTrumpü§•@Trump @TrumpGolf &amp; @IvankaTrump @IvankaTrumpHQüëàNOT made in USA #Products‚Ä¶ https://t.co/HzIw6yCUzH,Boycott Dotard amp NOT made in USA Products,0
"RT @GES2017: .@IvankaTrump: #GES2017 focused on a theme which is key to our future - Women First, Prosperity for All...just think how much‚Ä¶",GES2017 focused on a theme which is key to our future Women First Prosperity for All just think how much,1
"RT @GES2017: .@IvankaTrump: #GES2017 focused on a theme which is key to our future - Women First, Prosperity for All...just think how much‚Ä¶",GES2017 focused on a theme which is key to our future Women First Prosperity for All just think how much,1
"RT @USEmbPhnomPenh: Join with the entrepreneurs who participated in the #GES2017 in #India on a Facebook Live, ‚ÄúDiversity in Business: Tool‚Ä¶",Join with the entrepreneurs who participated in the GES2017 in India on a Facebook Live Diversity in Business Tool,1
RT @amitabhk87: Glimpses of the most spectacular GES ever - #GES2017! Thanks to @PMOIndia for driving &amp; guiding the entrepreneurial movemen‚Ä¶,Glimpses of the most spectacular GES ever GES2017 Thanks to for driving amp guiding the entrepreneurial movemen,1
"RT @GES2017: .@IvankaTrump: #GES2017 focused on a theme which is key to our future - Women First, Prosperity for All...just think how much‚Ä¶",GES2017 focused on a theme which is key to our future Women First Prosperity for All just think how much,1
"RT @GES2017: .@IvankaTrump: #GES2017 focused on a theme which is key to our future - Women First, Prosperity for All...just think how much‚Ä¶",GES2017 focused on a theme which is key to our future Women First Prosperity for All just think how much,1
RT @SajidCKP: @IvankaTrump @StateDept #GES2017 Can U allow a #woman basher in #GES2017 Summit? @IvankaTrump @ncbn @trspartyonline @tkrisher‚Ä¶,GES2017 Can U allow a woman basher in GES2017 Summit,0
"RT @SajidCKP: @IvankaTrump @StateDept #HyderabadMetroRail A majority of the delegates attending at #GES2017 are going to be #Women, includi‚Ä¶",HyderabadMetroRail A majority of the delegates attending at GES2017 are going to be Women includi,0
RT @SajidCKP: @IvankaTrump @StateDept #GES2017 Can @StateDept @WhiteHouse will allow #Woman abusers to get #US entry including his party ch‚Ä¶,GES2017 Can will allow Woman abusers to get US entry including his party ch,0
"RT @GES2017: .@IvankaTrump: #GES2017 focused on a theme which is key to our future - Women First, Prosperity for All...just think how much‚Ä¶",GES2017 focused on a theme which is key to our future Women First Prosperity for All just think how much,1
"RT @GES2017: .@IvankaTrump: #GES2017 focused on a theme which is key to our future - Women First, Prosperity for All...just think how much‚Ä¶",GES2017 focused on a theme which is key to our future Women First Prosperity for All just think how much,1
"RT @GES2017: .@IvankaTrump: #GES2017 focused on a theme which is key to our future - Women First, Prosperity for All...just think how much‚Ä¶",GES2017 focused on a theme which is key to our future Women First Prosperity for All just think how much,1
"RT @GES2017: .@IvankaTrump: #GES2017 focused on a theme which is key to our future - Women First, Prosperity for All...just think how much‚Ä¶",GES2017 focused on a theme which is key to our future Women First Prosperity for All just think how much,1
"RT @GES2017: .@IvankaTrump: #GES2017 focused on a theme which is key to our future - Women First, Prosperity for All...just think how much‚Ä¶",GES2017 focused on a theme which is key to our future Women First Prosperity for All just think how much,1
"RT @GES2017: .@IvankaTrump: #GES2017 focused on a theme which is key to our future - Women First, Prosperity for All...just think how much‚Ä¶",GES2017 focused on a theme which is key to our future Women First Prosperity for All just think how much,1
An honest and insightful take on #GES2017 &amp; the entrepreneurship ecosystem of Hyderabad from @DrewDiPrinzio9  https://t.co/1Vwkr4QFlu,An honest and insightful take on GES2017 amp the entrepreneurship ecosystem of Hyderabad from,1
"RT @GES2017: .@IvankaTrump: #GES2017 focused on a theme which is key to our future - Women First, Prosperity for All...just think how much‚Ä¶",GES2017 focused on a theme which is key to our future Women First Prosperity for All just think how much,1
"RT @GES2017: .@IvankaTrump: #GES2017 focused on a theme which is key to our future - Women First, Prosperity for All...just think how much‚Ä¶",GES2017 focused on a theme which is key to our future Women First Prosperity for All just think how much,1
"RT @GES2017: .@IvankaTrump: #GES2017 focused on a theme which is key to our future - Women First, Prosperity for All...just think how much‚Ä¶",GES2017 focused on a theme which is key to our future Women First Prosperity for All just think how much,1
"RT @GES2017: .@IvankaTrump: #GES2017 focused on a theme which is key to our future - Women First, Prosperity for All...just think how much‚Ä¶",GES2017 focused on a theme which is key to our future Women First Prosperity for All just think how much,1
"RT @GES2017: .@IvankaTrump: #GES2017 focused on a theme which is key to our future - Women First, Prosperity for All...just think how much‚Ä¶",GES2017 focused on a theme which is key to our future Women First Prosperity for All just think how much,1
"RT @GES2017: .@IvankaTrump: #GES2017 focused on a theme which is key to our future - Women First, Prosperity for All...just think how much‚Ä¶",GES2017 focused on a theme which is key to our future Women First Prosperity for All just think how much,1
"RT @GES2017: .@IvankaTrump: #GES2017 focused on a theme which is key to our future - Women First, Prosperity for All...just think how much‚Ä¶",GES2017 focused on a theme which is key to our future Women First Prosperity for All just think how much,1
"RT @GES2017: .@IvankaTrump: #GES2017 focused on a theme which is key to our future - Women First, Prosperity for All...just think how much‚Ä¶",GES2017 focused on a theme which is key to our future Women First Prosperity for All just think how much,1
"RT @GES2017: .@IvankaTrump: #GES2017 focused on a theme which is key to our future - Women First, Prosperity for All...just think how much‚Ä¶",GES2017 focused on a theme which is key to our future Women First Prosperity for All just think how much,1
"RTStateDept: RT GES2017: .IvankaTrump: #GES2017 focused on a theme which is key to our future - Women First, Prospe‚Ä¶ https://t.co/zSUDwxHAOU",StateDept RT GES2017 IvankaTrump GES2017 focused on a theme which is key to our future Women First Prospe,1
"RT @GES2017: .@IvankaTrump: #GES2017 focused on a theme which is key to our future - Women First, Prosperity for All...just think how much‚Ä¶",GES2017 focused on a theme which is key to our future Women First Prosperity for All just think how much,1
"RT @GES2017: .@IvankaTrump: #GES2017 focused on a theme which is key to our future - Women First, Prosperity for All...just think how much‚Ä¶",GES2017 focused on a theme which is key to our future Women First Prosperity for All just think how much,1
RT @amitabhk87: Glimpses of the most spectacular GES ever - #GES2017! Thanks to @PMOIndia for driving &amp; guiding the entrepreneurial movemen‚Ä¶,Glimpses of the most spectacular GES ever GES2017 Thanks to for driving amp guiding the entrepreneurial movemen,1
RT @DIPPGOI: Thank you @LegalDeskIndia for being a part of DIPPs Innovation Showcase at #GES2017. Your smart solutions have reduced the tim‚Ä¶,Thank you for being a part of DIPPs Innovation Showcase at GES2017 Your smart solutions have reduced the tim,1
RT @DIPPGOI: Thank you Mera Gao Power for being a part of our #GES2017 DIPP Innovation Showcase. Your efforts towards making power accessib‚Ä¶,Thank you Mera Gao Power for being a part of our GES2017 DIPP Innovation Showcase Your efforts towards making power accessib,0
Successful #entrepreneurs need good mentors &amp; strong networks. Get the scoop on the ‚ÄúTools for Success‚Äù you need to‚Ä¶ https://t.co/2MdJKIeda1,Successful entrepreneurs need good mentors amp strong networks Get the scoop on the Tools for Success you need to,1
RT @PMOIndia: India- a land of innovation. @GES2017 #GES2017 https://t.co/5kxi48vjMY,India a land of innovation GES2017,0
"RT @GES2017: .@IvankaTrump: #GES2017 focused on a theme which is key to our future - Women First, Prosperity for All...just think how much‚Ä¶",GES2017 focused on a theme which is key to our future Women First Prosperity for All just think how much,1
RT @amitabhk87: Glimpses of the most spectacular GES ever - #GES2017! Thanks to @PMOIndia for driving &amp; guiding the entrepreneurial movemen‚Ä¶,Glimpses of the most spectacular GES ever GES2017 Thanks to for driving amp guiding the entrepreneurial movemen,1
"RT @Krishna50911026: @hydcitypolice sir, #GES2017 is done and u left beggers on road again..!!???? Beggers  #Khairtabad_Junction @KTRTRS @C‚Ä¶",sir GES2017 is done and u left beggers on road again Beggers Khairtabad Junction,0
"RT @GES2017: .@IvankaTrump: #GES2017 focused on a theme which is key to our future - Women First, Prosperity for All...just think how much‚Ä¶",GES2017 focused on a theme which is key to our future Women First Prosperity for All just think how much,1
RT @statedeptspox: #GES2017 highlights the important role of women #entrepreneurs &amp; demonstrates the importance of #innovation &amp; partnershi‚Ä¶,GES2017 highlights the important role of women entrepreneurs amp demonstrates the importance of innovation amp partnershi,1
"RT @IvankaTrump: Thank you for the warm welcome. I‚Äôm excited to be in Hyderabad, India for #GES2017. https://t.co/1U08h5L9Rm",Thank you for the warm welcome I m excited to be in Hyderabad India for GES2017,1
RT @amitabhk87: Glimpses of the most spectacular GES ever - #GES2017! Thanks to @PMOIndia for driving &amp; guiding the entrepreneurial movemen‚Ä¶,Glimpses of the most spectacular GES ever GES2017 Thanks to for driving amp guiding the entrepreneurial movemen,1
"Congratulations @Ajaita_Shah fm #India &amp; @BarefootCollege She is founder of @FrontierMkts, a startup empowering wom‚Ä¶ https://t.co/mLnwUdzfDu",Congratulations Shah fm India amp She is founder of a startup empowering wom,0
"RT @NITIAayog: Meet Tessy Thomas, our #GES2017 speaker also known as the 'Missile Woman' of India. She is the first woman scientist to head‚Ä¶",Meet Tessy Thomas our GES2017 speaker also known as the Missile Woman of India She is the first woman scientist to head,1
RT @ramonray: Great conversation today with @JimBlasingame about #GES2017 @IvankaTrump and the great work of @StateDept around the world,Great conversation today with about GES2017 and the great work of around the world,1
Great conversation today with @JimBlasingame about #GES2017 @IvankaTrump and the great work of @StateDept around the world,Great conversation today with about GES2017 and the great work of around the world,1
"RT @GES2017: .@IvankaTrump: #GES2017 focused on a theme which is key to our future - Women First, Prosperity for All...just think how much‚Ä¶",GES2017 focused on a theme which is key to our future Women First Prosperity for All just think how much,1
"RT @IvankaTrump: At #GES2017 today discussing the importance of workforce development and skills training. Together, we can ensure our soci‚Ä¶",At GES2017 today discussing the importance of workforce development and skills training Together we can ensure our soci,0
".@IvankaTrump: #GES2017 focused on a theme which is key to our future - Women First, Prosperity for All...just thin‚Ä¶ https://t.co/PcFaiNhc6n",GES2017 focused on a theme which is key to our future Women First Prosperity for All just thin,-1
"Congratulations Ajaita Shah from #India! She is the founder of @FrontierMkts, a startup empowering women with solar‚Ä¶ https://t.co/cOihHY9Gg1",Congratulations Ajaita Shah from India She is the founder of a startup empowering women with solar,0
RT @amitabhk87: Glimpses of the most spectacular GES ever - #GES2017! Thanks to @PMOIndia for driving &amp; guiding the entrepreneurial movemen‚Ä¶,Glimpses of the most spectacular GES ever GES2017 Thanks to for driving amp guiding the entrepreneurial movemen,1
RT @DIPPGOI: Thank you Agrostar for being a part of the #GES2017 DIPP Innovation Showcase. Your work using technology to provide a fair sha‚Ä¶,Thank you Agrostar for being a part of the GES2017 DIPP Innovation Showcase Your work using technology to provide a fair sha,1
"Just another #iPhone shot... Clicked some time during the recent #GES2017 in #Hyderabad... 

#ShotoniPhone #iPhoneSE https://t.co/FhmGtaXOmk",Just another iPhone shot Clicked some time during the recent GES2017 in Hyderabad ShotoniPhone iPhoneSE,0
"RT @NITIAayog: At #GES2017, entrepreneurs from different parts of the globe shared their experiences which were relevant for all! https://t‚Ä¶",At GES2017 entrepreneurs from different parts of the globe shared their experiences which were relevant for all,1
RT @DIPPGOI: Thank you Mera Gao Power for being a part of our #GES2017 DIPP Innovation Showcase. Your efforts towards making power accessib‚Ä¶,Thank you Mera Gao Power for being a part of our GES2017 DIPP Innovation Showcase Your efforts towards making power accessib,0
RT @USAndChennai: #GES2017 Chennai brought together many talented #womenentrepreneurs! Hear from them and #CGChennai on the theme #WomenFir‚Ä¶,GES2017 Chennai brought together many talented womenentrepreneurs Hear from them and CGChennai on the theme WomenFir,1
"RT @NITIAayog: At #GES2017, entrepreneurs from different parts of the globe shared their experiences which were relevant for all! https://t‚Ä¶",At GES2017 entrepreneurs from different parts of the globe shared their experiences which were relevant for all,1
RT @USAndChennai: ICYMI: #GES2017 Chennai brought together many talented #womenentrepreneurs! Hear from them and Consul General Robert Burg‚Ä¶,ICYMI GES2017 Chennai brought together many talented womenentrepreneurs Hear from them and Consul General Robert Burg,1
RT @GES2017: He was a monk for seventeen years. She came from a corporate background. Now they're both #entrepreneurs at #GES2017 https://t‚Ä¶,He was a monk for seventeen years She came from a corporate background Now they re both entrepreneurs at GES2017,0
"RT @NITIAayog: At #GES2017, entrepreneurs from different parts of the globe shared their experiences which were relevant for all! https://t‚Ä¶",At GES2017 entrepreneurs from different parts of the globe shared their experiences which were relevant for all,1
RT @DIPPGOI: Thank you @ekgaon for being at DIPP Innovation Showcase at #GES2017. Your efforts in making IT-enabled social services more ac‚Ä¶,Thank you for being at DIPP Innovation Showcase at GES2017 Your efforts in making IT enabled social services more ac,1
RT @DIPPGOI: Thank you Mera Gao Power for being a part of our #GES2017 DIPP Innovation Showcase. Your efforts towards making power accessib‚Ä¶,Thank you Mera Gao Power for being a part of our GES2017 DIPP Innovation Showcase Your efforts towards making power accessib,0
RT @ManushiChhillar: I am here to speak &amp; interact at the Global Entrepreneurship summit #GES2017 ! Very relevant in today's world that we‚Ä¶,I am here to speak amp interact at the Global Entrepreneurship summit GES2017 Very relevant in today s world that we,1
RT @ManushiChhillar: Privileged to be a part of this summit. Thank you for having me :) #GES2017 https://t.co/V8i0tJIwu2,Privileged to be a part of this summit Thank you for having me GES2017,0
RT @Scavino45: .@IvankaTrump at @GES2017 in India with Prime Minister @narendramodi. #GES2017 https://t.co/0bTDFfkQLy,at in India with Prime Minister GES2017,0
#RoadAfterGES #reboot - #STEM #social impact #Gandhi  #schools #solar - helping #India to grow - #GES2017‚Ä¶ https://t.co/E7FBvUc7UO,RoadAfterGES reboot STEM social impact Gandhi schools solar helping India to grow GES2017,1
RT @amitabhk87: Glimpses of the most spectacular GES ever - #GES2017! Thanks to @PMOIndia for driving &amp; guiding the entrepreneurial movemen‚Ä¶,Glimpses of the most spectacular GES ever GES2017 Thanks to for driving amp guiding the entrepreneurial movemen,1
RT @amitabhk87: Glimpses of the most spectacular GES ever - #GES2017! Thanks to @PMOIndia for driving &amp; guiding the entrepreneurial movemen‚Ä¶,Glimpses of the most spectacular GES ever GES2017 Thanks to for driving amp guiding the entrepreneurial movemen,1
RT @amitabhk87: Glimpses of the most spectacular GES ever - #GES2017! Thanks to @PMOIndia for driving &amp; guiding the entrepreneurial movemen‚Ä¶,Glimpses of the most spectacular GES ever GES2017 Thanks to for driving amp guiding the entrepreneurial movemen,1
RT @TripleTASD: Thks @NITIAayog @amitabhk87 @narendramodi @IvankaTrump 4 #cool #GES2017 moments - #India + #Australia entrepreneurs and gov‚Ä¶,Thks 4 cool GES2017 moments India Australia entrepreneurs and gov,1
RT @TripleTASD: Thks @NITIAayog @amitabhk87 @narendramodi @IvankaTrump 4 #cool #GES2017 moments - #India + #Australia entrepreneurs and gov‚Ä¶,Thks 4 cool GES2017 moments India Australia entrepreneurs and gov,1
Thks @NITIAayog @amitabhk87 @narendramodi @IvankaTrump 4 #cool #GES2017 moments - #India + #Australia entrepreneurs‚Ä¶ https://t.co/YUCn8Vy1GC,Thks 4 cool GES2017 moments India Australia entrepreneurs,1
@DIPPGOI Thank you so much. It was an honour to be a part of #GES2017 .Thanks All !,Thank you so much It was an honour to be a part of GES2017 Thanks All,1
RT @amitabhk87: Glimpses of the most spectacular GES ever - #GES2017! Thanks to @PMOIndia for driving &amp; guiding the entrepreneurial movemen‚Ä¶,Glimpses of the most spectacular GES ever GES2017 Thanks to for driving amp guiding the entrepreneurial movemen,1
RT @DIPPGOI: Thank you Mera Gao Power for being a part of our #GES2017 DIPP Innovation Showcase. Your efforts towards making power accessib‚Ä¶,Thank you Mera Gao Power for being a part of our GES2017 DIPP Innovation Showcase Your efforts towards making power accessib,0
RT @DIPPGOI: Thank you Mera Gao Power for being a part of our #GES2017 DIPP Innovation Showcase. Your efforts towards making power accessib‚Ä¶,Thank you Mera Gao Power for being a part of our GES2017 DIPP Innovation Showcase Your efforts towards making power accessib,0
RT @amitabhk87: Glimpses of the most spectacular GES ever - #GES2017! Thanks to @PMOIndia for driving &amp; guiding the entrepreneurial movemen‚Ä¶,Glimpses of the most spectacular GES ever GES2017 Thanks to for driving amp guiding the entrepreneurial movemen,1
"Throwback to the grand welcome of the delegates of Global Entrepreneurship Summit, 2017 by RGIA. @GES2017 #GES2017‚Ä¶ https://t.co/8gmVsNFhWW",Throwback to the grand welcome of the delegates of Global Entrepreneurship Summit 2017 by RGIA GES2017,1
RT @ScoringCard: #GES2017 @Roger_ZOUNDI  pitching time.Thanks @IvankaTrump thanks @GES2017 thanks @GISTNetwork thanks @PMOIndia https://t.c‚Ä¶,GES2017 ZOUNDI pitching time Thanks thanks thanks thanks,1
RT @DIPPGOI: Thank you @LegalDeskIndia for being a part of DIPPs Innovation Showcase at #GES2017. Your smart solutions have reduced the tim‚Ä¶,Thank you for being a part of DIPPs Innovation Showcase at GES2017 Your smart solutions have reduced the tim,1
RT @DIPPGOI: Thank you Mera Gao Power for being a part of our #GES2017 DIPP Innovation Showcase. Your efforts towards making power accessib‚Ä¶,Thank you Mera Gao Power for being a part of our GES2017 DIPP Innovation Showcase Your efforts towards making power accessib,0
RT @DIPPGOI: Thank you Agrostar for being a part of the #GES2017 DIPP Innovation Showcase. Your work using technology to provide a fair sha‚Ä¶,Thank you Agrostar for being a part of the GES2017 DIPP Innovation Showcase Your work using technology to provide a fair sha,1
RT @amitabhk87: Glimpses of the most spectacular GES ever - #GES2017! Thanks to @PMOIndia for driving &amp; guiding the entrepreneurial movemen‚Ä¶,Glimpses of the most spectacular GES ever GES2017 Thanks to for driving amp guiding the entrepreneurial movemen,1
"What a gesture, thank you @DIPPGOI for organizing such a prophetic event as #GES2017 and involving @LegalDeskIndia‚Ä¶ https://t.co/1ywiDOcFqY",What a gesture thank you for organizing such a prophetic event as GES2017 and involving,0
#GES2017 @Roger_ZOUNDI  pitching time.Thanks @IvankaTrump thanks @GES2017 thanks @GISTNetwork thanks @PMOIndia https://t.co/h6Y6zCyzFZ,GES2017 ZOUNDI pitching time Thanks thanks thanks thanks,1
"RT @rishibagree: First NDTV as Media partner.
Now a soft porn writer Shobhaa De as main speaker speaking on economy in #GES2017 reducing th‚Ä¶",First NDTV as Media partner Now a soft porn writer Shobhaa De as main speaker speaking on economy in GES2017 reducing th,1
RT @DIPPGOI: Thank you Agrostar for being a part of the #GES2017 DIPP Innovation Showcase. Your work using technology to provide a fair sha‚Ä¶,Thank you Agrostar for being a part of the GES2017 DIPP Innovation Showcase Your work using technology to provide a fair sha,1
RT DIPPGOI: Thank you LegalDeskIndia for being a part of DIPPs Innovation Showcase at #GES2017. Your smart solution‚Ä¶ https://t.co/6Ghbnk1bEV,DIPPGOI Thank you LegalDeskIndia for being a part of DIPPs Innovation Showcase at GES2017 Your smart solution,1
RT DIPPGOI: Thank you Agrostar for being a part of the #GES2017 DIPP Innovation Showcase. Your work using technolog‚Ä¶ https://t.co/JjPjOpqWHb,DIPPGOI Thank you Agrostar for being a part of the GES2017 DIPP Innovation Showcase Your work using technolog,0
RT DIPPGOI: Thank you Mera Gao Power for being a part of our #GES2017 DIPP Innovation Showcase. Your efforts toward‚Ä¶ https://t.co/hNb5gdwsIu,DIPPGOI Thank you Mera Gao Power for being a part of our GES2017 DIPP Innovation Showcase Your efforts toward,0
RT DIPPGOI: Thank you ekgaon for being at DIPP Innovation Showcase at #GES2017. Your efforts in making IT-enabled s‚Ä¶ https://t.co/Vp19VvUjaT,DIPPGOI Thank you ekgaon for being at DIPP Innovation Showcase at GES2017 Your efforts in making IT enabled s,0
RT @DIPPGOI: Thank you @LegalDeskIndia for being a part of DIPPs Innovation Showcase at #GES2017. Your smart solutions have reduced the tim‚Ä¶,Thank you for being a part of DIPPs Innovation Showcase at GES2017 Your smart solutions have reduced the tim,1
RT @DIPPGOI: Thank you @LegalDeskIndia for being a part of DIPPs Innovation Showcase at #GES2017. Your smart solutions have reduced the tim‚Ä¶,Thank you for being a part of DIPPs Innovation Showcase at GES2017 Your smart solutions have reduced the tim,1
RT @DIPPGOI: Thank you Agrostar for being a part of the #GES2017 DIPP Innovation Showcase. Your work using technology to provide a fair sha‚Ä¶,Thank you Agrostar for being a part of the GES2017 DIPP Innovation Showcase Your work using technology to provide a fair sha,1
RT @DIPPGOI: Thank you Mera Gao Power for being a part of our #GES2017 DIPP Innovation Showcase. Your efforts towards making power accessib‚Ä¶,Thank you Mera Gao Power for being a part of our GES2017 DIPP Innovation Showcase Your efforts towards making power accessib,0
RT @DIPPGOI: Thank you @ekgaon for being at DIPP Innovation Showcase at #GES2017. Your efforts in making IT-enabled social services more ac‚Ä¶,Thank you for being at DIPP Innovation Showcase at GES2017 Your efforts in making IT enabled social services more ac,1
"RT @swarupds: #GES2017 #Save_CGL_16 
@HRDMinistry @narendramodi @PMOIndia @smritiirani @DoPTGoI  @aajtaknews @aajtak @ndtv 
It's a request‚Ä¶",GES2017 Save CGL 16 It s a request,0
Thank you @ekgaon for being at DIPP Innovation Showcase at #GES2017. Your efforts in making IT-enabled social servi‚Ä¶ https://t.co/oxOHc5QWox,Thank you for being at DIPP Innovation Showcase at GES2017 Your efforts in making IT enabled social servi,1
RT @amitabhk87: Glimpses of the most spectacular GES ever - #GES2017! Thanks to @PMOIndia for driving &amp; guiding the entrepreneurial movemen‚Ä¶,Glimpses of the most spectacular GES ever GES2017 Thanks to for driving amp guiding the entrepreneurial movemen,1
RT @DIPPGOI: Thank you @LegalDeskIndia for being a part of DIPPs Innovation Showcase at #GES2017. Your smart solutions have reduced the tim‚Ä¶,Thank you for being a part of DIPPs Innovation Showcase at GES2017 Your smart solutions have reduced the tim,1
RT @DIPPGOI: Thank you Mera Gao Power for being a part of our #GES2017 DIPP Innovation Showcase. Your efforts towards making power accessib‚Ä¶,Thank you Mera Gao Power for being a part of our GES2017 DIPP Innovation Showcase Your efforts towards making power accessib,0
#day3 #GES2017 highlight - @TripleTASD + @MelzoExp form awesome #India #Australia to bring #vr to 1Billion users‚Ä¶ https://t.co/60Ttj6PLoi,day3 GES2017 highlight form awesome India Australia to bring vr to 1Billion users,1
"RT @NITIAayog: Meet Tessy Thomas, our #GES2017 speaker also known as the 'Missile Woman' of India. She is the first woman scientist to head‚Ä¶",Meet Tessy Thomas our GES2017 speaker also known as the Missile Woman of India She is the first woman scientist to head,1
RT @GES2017: .@TelanganaCMO K. Chandrasekhar Rao delivers a welcome address at the opening plenary of #GES2017. https://t.co/9vhzpMZv8C,K Chandrasekhar Rao delivers a welcome address at the opening plenary of GES2017,1
"RT @IvankaTrump: At #GES2017 today discussing the importance of workforce development and skills training. Together, we can ensure our soci‚Ä¶",At GES2017 today discussing the importance of workforce development and skills training Together we can ensure our soci,0
Thank you Mera Gao Power for being a part of our #GES2017 DIPP Innovation Showcase. Your efforts towards making pow‚Ä¶ https://t.co/LsNSNF4xcj,Thank you Mera Gao Power for being a part of our GES2017 DIPP Innovation Showcase Your efforts towards making pow,0
Thank you Agrostar for being a part of the #GES2017 DIPP Innovation Showcase. Your work using technology to provide‚Ä¶ https://t.co/6v6TZonu5T,Thank you Agrostar for being a part of the GES2017 DIPP Innovation Showcase Your work using technology to provide,0
Thank you @LegalDeskIndia for being a part of DIPPs Innovation Showcase at #GES2017. Your smart solutions have redu‚Ä¶ https://t.co/zwPM28ESUc,Thank you for being a part of DIPPs Innovation Showcase at GES2017 Your smart solutions have redu,1
"Join with the entrepreneurs who participated in the #GES2017 in #India on a Facebook Live, ‚ÄúDiversity in Business:‚Ä¶ https://t.co/J40v8zG0xv",Join with the entrepreneurs who participated in the GES2017 in India on a Facebook Live Diversity in Business,1
RT @AnzFunzTech: #Mersal #Thalapathy #Vijay #Vijay62 #Thalapathy62 #Viswasam #Velaikkaran #AnushkaShetty #RAW #wwe #GES2017 #SakkaPoduPoduR‚Ä¶,Mersal Thalapathy Vijay Vijay62 Thalapathy62 Viswasam Velaikkaran AnushkaShetty RAW wwe GES2017 SakkaPoduPoduR,-1
RT @amitabhk87: Glimpses of the most spectacular GES ever - #GES2017! Thanks to @PMOIndia for driving &amp; guiding the entrepreneurial movemen‚Ä¶,Glimpses of the most spectacular GES ever GES2017 Thanks to for driving amp guiding the entrepreneurial movemen,1
RT @amitabhk87: Glimpses of the most spectacular GES ever - #GES2017! Thanks to @PMOIndia for driving &amp; guiding the entrepreneurial movemen‚Ä¶,Glimpses of the most spectacular GES ever GES2017 Thanks to for driving amp guiding the entrepreneurial movemen,1
RT @amitabhk87: Glimpses of the most spectacular GES ever - #GES2017! Thanks to @PMOIndia for driving &amp; guiding the entrepreneurial movemen‚Ä¶,Glimpses of the most spectacular GES ever GES2017 Thanks to for driving amp guiding the entrepreneurial movemen,1
"RT @NITIAayog: At #GES2017, entrepreneurs from different parts of the globe shared their experiences which were relevant for all! https://t‚Ä¶",At GES2017 entrepreneurs from different parts of the globe shared their experiences which were relevant for all,1
RT @amitabhk87: Glimpses of the most spectacular GES ever - #GES2017! Thanks to @PMOIndia for driving &amp; guiding the entrepreneurial movemen‚Ä¶,Glimpses of the most spectacular GES ever GES2017 Thanks to for driving amp guiding the entrepreneurial movemen,1
"RT @NITIAayog: At #GES2017, entrepreneurs from different parts of the globe shared their experiences which were relevant for all! https://t‚Ä¶",At GES2017 entrepreneurs from different parts of the globe shared their experiences which were relevant for all,1
"RT @NITIAayog: At #GES2017, entrepreneurs from different parts of the globe shared their experiences which were relevant for all! https://t‚Ä¶",At GES2017 entrepreneurs from different parts of the globe shared their experiences which were relevant for all,1
RT @PreetiSinha_: Excited to be #GES2017 raising the flag for Indian Women Entrepreneurs supporting and funding via @yesglobalinsti @Narend‚Ä¶,Excited to be GES2017 raising the flag for Indian Women Entrepreneurs supporting and funding via,1
RT @PreetiSinha_: The 800 million potential entrepreneurs in India can make the world a better place @Narendramodi_PM #ges2017 @YESGlobalIn‚Ä¶,The 800 million potential entrepreneurs in India can make the world a better place PM ges2017,1
RT @YESGlobalInsti: India is truly an inspiration for all of us across the world: Senior Advisor to US President @IvankaTrump #GES2017 http‚Ä¶,India is truly an inspiration for all of us across the world Senior Advisor to US President GES2017 http,0
RT @YESBANK: YES BANK unveiled a road-map at #GES2017 on Transformational Role of Technology in #Agribusiness growth. With @NASSCOMCoEIoT @‚Ä¶,YES BANK unveiled a road map at GES2017 on Transformational Role of Technology in Agribusiness growth With,0
RT @amitabhk87: Glimpses of the most spectacular GES ever - #GES2017! Thanks to @PMOIndia for driving &amp; guiding the entrepreneurial movemen‚Ä¶,Glimpses of the most spectacular GES ever GES2017 Thanks to for driving amp guiding the entrepreneurial movemen,1
"RT @NITIAayog: At #GES2017, entrepreneurs from different parts of the globe shared their experiences which were relevant for all! https://t‚Ä¶",At GES2017 entrepreneurs from different parts of the globe shared their experiences which were relevant for all,1
RT @amitabhk87: Glimpses of the most spectacular GES ever - #GES2017! Thanks to @PMOIndia for driving &amp; guiding the entrepreneurial movemen‚Ä¶,Glimpses of the most spectacular GES ever GES2017 Thanks to for driving amp guiding the entrepreneurial movemen,1
RT @amitabhk87: Glimpses of the most spectacular GES ever - #GES2017! Thanks to @PMOIndia for driving &amp; guiding the entrepreneurial movemen‚Ä¶,Glimpses of the most spectacular GES ever GES2017 Thanks to for driving amp guiding the entrepreneurial movemen,1
RT @amitabhk87: Glimpses of the most spectacular GES ever - #GES2017! Thanks to @PMOIndia for driving &amp; guiding the entrepreneurial movemen‚Ä¶,Glimpses of the most spectacular GES ever GES2017 Thanks to for driving amp guiding the entrepreneurial movemen,1
"RT @adleonee: The idea of ""who I'm is illusion"" than actually ""who I'm"" #ThursdayThoughts  #Leadership #GES2017 #fitness #fitnessmotivation‚Ä¶",The idea of who I m is illusion than actually who I m ThursdayThoughts Leadership GES2017 fitness fitnessmotivation,0
"RT @NITIAayog: At #GES2017, entrepreneurs from different parts of the globe shared their experiences which were relevant for all! https://t‚Ä¶",At GES2017 entrepreneurs from different parts of the globe shared their experiences which were relevant for all,1
RT @amitabhk87: Glimpses of the most spectacular GES ever - #GES2017! Thanks to @PMOIndia for driving &amp; guiding the entrepreneurial movemen‚Ä¶,Glimpses of the most spectacular GES ever GES2017 Thanks to for driving amp guiding the entrepreneurial movemen,1
"RT @NITIAayog: At #GES2017, entrepreneurs from different parts of the globe shared their experiences which were relevant for all! https://t‚Ä¶",At GES2017 entrepreneurs from different parts of the globe shared their experiences which were relevant for all,1
"RT @NITIAayog: At #GES2017, entrepreneurs from different parts of the globe shared their experiences which were relevant for all! https://t‚Ä¶",At GES2017 entrepreneurs from different parts of the globe shared their experiences which were relevant for all,1
CM KCR Speech @ Global Entrepreneurship Summit | #GES2017 | TV5 News https://t.co/n1S3kbtMqp https://t.co/9t9Fa2MWuW,CM KCR Speech Global Entrepreneurship Summit GES2017 TV5 News,0
CM KCR Speech @ Global Entrepreneurship Summit | #GES2017 | TV5 News https://t.co/o4q7Mgb7wZ https://t.co/6iBYDIRjkN,CM KCR Speech Global Entrepreneurship Summit GES2017 TV5 News,0
"RT @NITIAayog: At #GES2017, entrepreneurs from different parts of the globe shared their experiences which were relevant for all! https://t‚Ä¶",At GES2017 entrepreneurs from different parts of the globe shared their experiences which were relevant for all,1
"RT @NITIAayog: At #GES2017, entrepreneurs from different parts of the globe shared their experiences which were relevant for all! https://t‚Ä¶",At GES2017 entrepreneurs from different parts of the globe shared their experiences which were relevant for all,1
"RT @NITIAayog: At #GES2017, entrepreneurs from different parts of the globe shared their experiences which were relevant for all! https://t‚Ä¶",At GES2017 entrepreneurs from different parts of the globe shared their experiences which were relevant for all,1
"At #GES2017, entrepreneurs from different parts of the globe shared their experiences which were relevant for all! https://t.co/3r0qRLWcUr",At GES2017 entrepreneurs from different parts of the globe shared their experiences which were relevant for all,1
"RT @VinavB: ""If I Knew Then What I Know Now‚Äù
#Entrepreneur #learnfromtheoneswhoknow #investartindia #ges2017 #StartupIndia #investors #star‚Ä¶",If I Knew Then What I Know Now Entrepreneur learnfromtheoneswhoknow investartindia ges2017 StartupIndia investors star,0
"RT @mukesh_das3: #GES2017
#‡§Ö‡§Ç‡§ß‡§∂‡•ç‡§∞‡§¶‡•ç‡§ß‡§æ‡§≠‡§ï‡•ç‡§§‡§ø_‡§ñ‡§§‡§∞‡§æ_‡§è_‡§ú‡§æ‡§®
According to kuran sharif- surat furkani no.25 ayat no. 52 to 59. It is written god i‚Ä¶",das3 GES2017 According to kuran sharif surat furkani no 25 ayat no 52 to 59 It is written god i,0
RT @amitabhk87: Glimpses of the most spectacular GES ever - #GES2017! Thanks to @PMOIndia for driving &amp; guiding the entrepreneurial movemen‚Ä¶,Glimpses of the most spectacular GES ever GES2017 Thanks to for driving amp guiding the entrepreneurial movemen,1
RT @amitabhk87: Glimpses of the most spectacular GES ever - #GES2017! Thanks to @PMOIndia for driving &amp; guiding the entrepreneurial movemen‚Ä¶,Glimpses of the most spectacular GES ever GES2017 Thanks to for driving amp guiding the entrepreneurial movemen,1
RT @amitabhk87: Glimpses of the most spectacular GES ever - #GES2017! Thanks to @PMOIndia for driving &amp; guiding the entrepreneurial movemen‚Ä¶,Glimpses of the most spectacular GES ever GES2017 Thanks to for driving amp guiding the entrepreneurial movemen,1
RT @amitabhk87: Glimpses of the most spectacular GES ever - #GES2017! Thanks to @PMOIndia for driving &amp; guiding the entrepreneurial movemen‚Ä¶,Glimpses of the most spectacular GES ever GES2017 Thanks to for driving amp guiding the entrepreneurial movemen,1
RT @amitabhk87: Glimpses of the most spectacular GES ever - #GES2017! Thanks to @PMOIndia for driving &amp; guiding the entrepreneurial movemen‚Ä¶,Glimpses of the most spectacular GES ever GES2017 Thanks to for driving amp guiding the entrepreneurial movemen,1
"#GES2017 brings together leading investors, entrepreneurs, academicians, think-tanks and other stakeholders to prop‚Ä¶ https://t.co/OHA1J2Exu8",GES2017 brings together leading investors entrepreneurs academicians think tanks and other stakeholders to prop,-1
I see 800 million potential entrepreneurs who can work towards making the world a better place: PM Modi at #GES2017‚Ä¶ https://t.co/JkCYufWbpf,I see 800 million potential entrepreneurs who can work towards making the world a better place PM Modi at GES2017,1
"In India, we have constitutionally provided for not less than one third of women representation in rural and urban‚Ä¶ https://t.co/D4noT5DRIl",In India we have constitutionally provided for not less than one third of women representation in rural and urban,1
RT @amitabhk87: Glimpses of the most spectacular GES ever - #GES2017! Thanks to @PMOIndia for driving &amp; guiding the entrepreneurial movemen‚Ä¶,Glimpses of the most spectacular GES ever GES2017 Thanks to for driving amp guiding the entrepreneurial movemen,1
RT @amitabhk87: Glimpses of the most spectacular GES ever - #GES2017! Thanks to @PMOIndia for driving &amp; guiding the entrepreneurial movemen‚Ä¶,Glimpses of the most spectacular GES ever GES2017 Thanks to for driving amp guiding the entrepreneurial movemen,1
RT @NITIAayog: NITI Aayog CEO @amitabhk87 &amp; @USAmbIndia Kenneth Juster at the #GES2017 Virtual Exhibition. The artwork showcases entreprene‚Ä¶,NITI Aayog CEO amp Kenneth Juster at the GES2017 Virtual Exhibition The artwork showcases entreprene,0
"#GES2017 brings together leading investors, entrepreneurs, academicians, think-tanks and other stakeholders to prop‚Ä¶ https://t.co/xAP0iFlB1u",GES2017 brings together leading investors entrepreneurs academicians think tanks and other stakeholders to prop,-1
"In Indian mythology, woman is an incarnation of Shakti - the Goddess of power. We believe women empowerment is cruc‚Ä¶ https://t.co/Jame5TNzbr",In Indian mythology woman is an incarnation of Shakti the Goddess of power We believe women empowerment is cruc,0
"#GES2017: Indian women continue to lead in different walks of life. Our space programmes, including the Mars Orbite‚Ä¶ https://t.co/P0aYZvAaw3",GES2017 Indian women continue to lead in different walks of life Our space programmes including the Mars Orbite,0
"In India, we have constitutionally provided for not less than one third of women representation in rural and urban‚Ä¶ https://t.co/fzzvm8JxJK",In India we have constitutionally provided for not less than one third of women representation in rural and urban,1
I see 800 million potential entrepreneurs who can work towards making the world a better place: PM Modi at #GES2017‚Ä¶ https://t.co/GoilmRi0Pq,I see 800 million potential entrepreneurs who can work towards making the world a better place PM Modi at GES2017,1
Our Start-Up India programme is a comprehensive action plan to foster entrepreneurship and promote innovation. It a‚Ä¶ https://t.co/YXuN5ejgnI,Our Start Up India programme is a comprehensive action plan to foster entrepreneurship and promote innovation It a,1
We have launched the MUDRA scheme to provide easy finance of upto one million rupees to entrepreneurs; more than 70‚Ä¶ https://t.co/x9ewXCKIVp,We have launched the MUDRA scheme to provide easy finance of upto one million rupees to entrepreneurs more than 70,1
"A historic overhaul of the taxation system has been recently undertaken, bringing in the Goods and Services Tax acr‚Ä¶ https://t.co/KKb6visZ99",A historic overhaul of the taxation system has been recently undertaken bringing in the Goods and Services Tax acr,0
"To my entrepreneur friends from across the globe, I would like to say: Come, Make in India, Invest in India - for I‚Ä¶ https://t.co/BgVxj2JbOu",To my entrepreneur friends from across the globe I would like to say Come Make in India Invest in India for I,0
RT @amitabhk87: Glimpses of the most spectacular GES ever - #GES2017! Thanks to @PMOIndia for driving &amp; guiding the entrepreneurial movemen‚Ä¶,Glimpses of the most spectacular GES ever GES2017 Thanks to for driving amp guiding the entrepreneurial movemen,1
RT @amitabhk87: Glimpses of the most spectacular GES ever - #GES2017! Thanks to @PMOIndia for driving &amp; guiding the entrepreneurial movemen‚Ä¶,Glimpses of the most spectacular GES ever GES2017 Thanks to for driving amp guiding the entrepreneurial movemen,1
RT @amitabhk87: Glimpses of the most spectacular GES ever - #GES2017! Thanks to @PMOIndia for driving &amp; guiding the entrepreneurial movemen‚Ä¶,Glimpses of the most spectacular GES ever GES2017 Thanks to for driving amp guiding the entrepreneurial movemen,1
RT @amitabhk87: Glimpses of the most spectacular GES ever - #GES2017! Thanks to @PMOIndia for driving &amp; guiding the entrepreneurial movemen‚Ä¶,Glimpses of the most spectacular GES ever GES2017 Thanks to for driving amp guiding the entrepreneurial movemen,1
