"RT @GES2017: .@IvankaTrump: #GES2017 focused on a theme which is key to our future - Women First, Prosperity for All...just think how much‚Ä¶"
"ICYMI, our CEO and co-founder @ParamJaggi traveled to Hyderabad, India to participate in the 2017 Global Entreprene‚Ä¶ https://t.co/DWuM4IUzUQ"
RT @amitabhk87: Glimpses of the most spectacular GES ever - #GES2017! Thanks to @PMOIndia for driving &amp; guiding the entrepreneurial movemen‚Ä¶
"RT @GES2017: .@IvankaTrump: #GES2017 focused on a theme which is key to our future - Women First, Prosperity for All...just think how much‚Ä¶"
RT @GlobalDevLab: Following #GES2017 Getting on the Grid? Look to the bright future of #solar #offgrid #energy https://t.co/Q0WvwNhQpB @Sca‚Ä¶
RT @amitabhk87: Glimpses of the most spectacular GES ever - #GES2017! Thanks to @PMOIndia for driving &amp; guiding the entrepreneurial movemen‚Ä¶
RT @amitabhk87: Glimpses of the most spectacular GES ever - #GES2017! Thanks to @PMOIndia for driving &amp; guiding the entrepreneurial movemen‚Ä¶
RT @amitabhk87: Glimpses of the most spectacular GES ever - #GES2017! Thanks to @PMOIndia for driving &amp; guiding the entrepreneurial movemen‚Ä¶
RT @amitabhk87: Glimpses of the most spectacular GES ever - #GES2017! Thanks to @PMOIndia for driving &amp; guiding the entrepreneurial movemen‚Ä¶
RT @DIPPGOI: Thank you Mera Gao Power for being a part of our #GES2017 DIPP Innovation Showcase. Your efforts towards making power accessib‚Ä¶
"RT @GES2017: .@IvankaTrump: #GES2017 focused on a theme which is key to our future - Women First, Prosperity for All...just think how much‚Ä¶"
RT @MangoMaterials: Thanks to @amazon for the Women First Award at #GES2017 last week! Honored to have been chosen amongst some amazing com‚Ä¶
RT @amitabhk87: Glimpses of the most spectacular GES ever - #GES2017! Thanks to @PMOIndia for driving &amp; guiding the entrepreneurial movemen‚Ä¶
"RT @GES2017: .@IvankaTrump: #GES2017 focused on a theme which is key to our future - Women First, Prosperity for All...just think how much‚Ä¶"
"@GES2017 @IvankaTrump Madame Ivanka, You  Presented Beautiful Thoughts....
Awesome Theme #WomenFirstProsperityToAll #GES2017"
RT @amitabhk87: Glimpses of the most spectacular GES ever - #GES2017! Thanks to @PMOIndia for driving &amp; guiding the entrepreneurial movemen‚Ä¶
"RT @GES2017: .@IvankaTrump: #GES2017 focused on a theme which is key to our future - Women First, Prosperity for All...just think how much‚Ä¶"
"Congratulations Ajaita Shah from #India! She is the founder of @FrontierMkts, a startup empowering women with solar‚Ä¶ https://t.co/I9spHI0Yqm"
"RT @GES2017: .@IvankaTrump: #GES2017 focused on a theme which is key to our future - Women First, Prosperity for All...just think how much‚Ä¶"
"RT @IvankaTrump: Thank you for the warm welcome. I‚Äôm excited to be in Hyderabad, India for #GES2017. https://t.co/1U08h5L9Rm"
RT @ScoringCard: #GES2017 @Roger_ZOUNDI  pitching time.Thanks @IvankaTrump thanks @GES2017 thanks @GISTNetwork thanks @PMOIndia https://t.c‚Ä¶
"RT @GES2017: .@IvankaTrump: #GES2017 focused on a theme which is key to our future - Women First, Prosperity for All...just think how much‚Ä¶"
"Congratulations Ajaita Shah from #India! She is the founder of @FrontierMkts, a startup empowering women with solar‚Ä¶ https://t.co/T0sAqFhnHA"
"RT @GES2017: .@IvankaTrump: #GES2017 focused on a theme which is key to our future - Women First, Prosperity for All...just think how much‚Ä¶"
"RTStateDept: .GISTNetwork Catalyst Grand Champion Ajaita Shah created FrontierMkts, a startup that empowers women t‚Ä¶ https://t.co/opRVdd8q5G"
"RT @GES2017: .@IvankaTrump: #GES2017 focused on a theme which is key to our future - Women First, Prosperity for All...just think how much‚Ä¶"
".@GISTNetwork Catalyst Grand Champion Ajaita Shah created @FrontierMkts, a startup that empowers women through the‚Ä¶ https://t.co/8A9EWh0bMe"
"RT @GES2017: .@IvankaTrump: #GES2017 focused on a theme which is key to our future - Women First, Prosperity for All...just think how much‚Ä¶"
RT @amitabhk87: Glimpses of the most spectacular GES ever - #GES2017! Thanks to @PMOIndia for driving &amp; guiding the entrepreneurial movemen‚Ä¶
RT @DIPPGOI: Thank you Mera Gao Power for being a part of our #GES2017 DIPP Innovation Showcase. Your efforts towards making power accessib‚Ä¶
"RT @GES2017: .@IvankaTrump: #GES2017 focused on a theme which is key to our future - Women First, Prosperity for All...just think how much‚Ä¶"
"RT @GES2017: .@IvankaTrump: #GES2017 focused on a theme which is key to our future - Women First, Prosperity for All...just think how much‚Ä¶"
RT @amitabhk87: Glimpses of the most spectacular GES ever - #GES2017! Thanks to @PMOIndia for driving &amp; guiding the entrepreneurial movemen‚Ä¶
"RT @GES2017: .@IvankaTrump: #GES2017 focused on a theme which is key to our future - Women First, Prosperity for All...just think how much‚Ä¶"
"RT @GES2017: .@IvankaTrump: #GES2017 focused on a theme which is key to our future - Women First, Prosperity for All...just think how much‚Ä¶"
RT @ManushiChhillar: I am here to speak &amp; interact at the Global Entrepreneurship summit #GES2017 ! Very relevant in today's world that we‚Ä¶
"RT @GES2017: .@IvankaTrump: #GES2017 focused on a theme which is key to our future - Women First, Prosperity for All...just think how much‚Ä¶"
RT @TripleTASD: Thks @WIONews @ArchithNEWS for cool #GES2017 shoutout #ThinkVR https://t.co/BKK7IgVqrz - #USwithAUS + #India #autism #Litte‚Ä¶
#Boycott #DotardüëâüèΩüßì@realDonaldTrumpü§•@Trump @TrumpGolf &amp; @IvankaTrump @IvankaTrumpHQüëàNOT made in USA #Products‚Ä¶ https://t.co/HzIw6yCUzH
"RT @GES2017: .@IvankaTrump: #GES2017 focused on a theme which is key to our future - Women First, Prosperity for All...just think how much‚Ä¶"
"RT @GES2017: .@IvankaTrump: #GES2017 focused on a theme which is key to our future - Women First, Prosperity for All...just think how much‚Ä¶"
"RT @USEmbPhnomPenh: Join with the entrepreneurs who participated in the #GES2017 in #India on a Facebook Live, ‚ÄúDiversity in Business: Tool‚Ä¶"
RT @amitabhk87: Glimpses of the most spectacular GES ever - #GES2017! Thanks to @PMOIndia for driving &amp; guiding the entrepreneurial movemen‚Ä¶
"RT @GES2017: .@IvankaTrump: #GES2017 focused on a theme which is key to our future - Women First, Prosperity for All...just think how much‚Ä¶"
"RT @GES2017: .@IvankaTrump: #GES2017 focused on a theme which is key to our future - Women First, Prosperity for All...just think how much‚Ä¶"
RT @SajidCKP: @IvankaTrump @StateDept #GES2017 Can U allow a #woman basher in #GES2017 Summit? @IvankaTrump @ncbn @trspartyonline @tkrisher‚Ä¶
"RT @SajidCKP: @IvankaTrump @StateDept #HyderabadMetroRail A majority of the delegates attending at #GES2017 are going to be #Women, includi‚Ä¶"
RT @SajidCKP: @IvankaTrump @StateDept #GES2017 Can @StateDept @WhiteHouse will allow #Woman abusers to get #US entry including his party ch‚Ä¶
"RT @GES2017: .@IvankaTrump: #GES2017 focused on a theme which is key to our future - Women First, Prosperity for All...just think how much‚Ä¶"
"RT @GES2017: .@IvankaTrump: #GES2017 focused on a theme which is key to our future - Women First, Prosperity for All...just think how much‚Ä¶"
"RT @GES2017: .@IvankaTrump: #GES2017 focused on a theme which is key to our future - Women First, Prosperity for All...just think how much‚Ä¶"
"RT @GES2017: .@IvankaTrump: #GES2017 focused on a theme which is key to our future - Women First, Prosperity for All...just think how much‚Ä¶"
"RT @GES2017: .@IvankaTrump: #GES2017 focused on a theme which is key to our future - Women First, Prosperity for All...just think how much‚Ä¶"
"RT @GES2017: .@IvankaTrump: #GES2017 focused on a theme which is key to our future - Women First, Prosperity for All...just think how much‚Ä¶"
An honest and insightful take on #GES2017 &amp; the entrepreneurship ecosystem of Hyderabad from @DrewDiPrinzio9  https://t.co/1Vwkr4QFlu
"RT @GES2017: .@IvankaTrump: #GES2017 focused on a theme which is key to our future - Women First, Prosperity for All...just think how much‚Ä¶"
"RT @GES2017: .@IvankaTrump: #GES2017 focused on a theme which is key to our future - Women First, Prosperity for All...just think how much‚Ä¶"
"RT @GES2017: .@IvankaTrump: #GES2017 focused on a theme which is key to our future - Women First, Prosperity for All...just think how much‚Ä¶"
"RT @GES2017: .@IvankaTrump: #GES2017 focused on a theme which is key to our future - Women First, Prosperity for All...just think how much‚Ä¶"
"RT @GES2017: .@IvankaTrump: #GES2017 focused on a theme which is key to our future - Women First, Prosperity for All...just think how much‚Ä¶"
"RT @GES2017: .@IvankaTrump: #GES2017 focused on a theme which is key to our future - Women First, Prosperity for All...just think how much‚Ä¶"
"RT @GES2017: .@IvankaTrump: #GES2017 focused on a theme which is key to our future - Women First, Prosperity for All...just think how much‚Ä¶"
"RT @GES2017: .@IvankaTrump: #GES2017 focused on a theme which is key to our future - Women First, Prosperity for All...just think how much‚Ä¶"
"RT @GES2017: .@IvankaTrump: #GES2017 focused on a theme which is key to our future - Women First, Prosperity for All...just think how much‚Ä¶"
"RTStateDept: RT GES2017: .IvankaTrump: #GES2017 focused on a theme which is key to our future - Women First, Prospe‚Ä¶ https://t.co/zSUDwxHAOU"
"RT @GES2017: .@IvankaTrump: #GES2017 focused on a theme which is key to our future - Women First, Prosperity for All...just think how much‚Ä¶"
"RT @GES2017: .@IvankaTrump: #GES2017 focused on a theme which is key to our future - Women First, Prosperity for All...just think how much‚Ä¶"
RT @amitabhk87: Glimpses of the most spectacular GES ever - #GES2017! Thanks to @PMOIndia for driving &amp; guiding the entrepreneurial movemen‚Ä¶
RT @DIPPGOI: Thank you @LegalDeskIndia for being a part of DIPPs Innovation Showcase at #GES2017. Your smart solutions have reduced the tim‚Ä¶
RT @DIPPGOI: Thank you Mera Gao Power for being a part of our #GES2017 DIPP Innovation Showcase. Your efforts towards making power accessib‚Ä¶
Successful #entrepreneurs need good mentors &amp; strong networks. Get the scoop on the ‚ÄúTools for Success‚Äù you need to‚Ä¶ https://t.co/2MdJKIeda1
RT @PMOIndia: India- a land of innovation. @GES2017 #GES2017 https://t.co/5kxi48vjMY
"RT @GES2017: .@IvankaTrump: #GES2017 focused on a theme which is key to our future - Women First, Prosperity for All...just think how much‚Ä¶"
RT @amitabhk87: Glimpses of the most spectacular GES ever - #GES2017! Thanks to @PMOIndia for driving &amp; guiding the entrepreneurial movemen‚Ä¶
"RT @Krishna50911026: @hydcitypolice sir, #GES2017 is done and u left beggers on road again..!!???? Beggers  #Khairtabad_Junction @KTRTRS @C‚Ä¶"
"RT @GES2017: .@IvankaTrump: #GES2017 focused on a theme which is key to our future - Women First, Prosperity for All...just think how much‚Ä¶"
RT @statedeptspox: #GES2017 highlights the important role of women #entrepreneurs &amp; demonstrates the importance of #innovation &amp; partnershi‚Ä¶
"RT @IvankaTrump: Thank you for the warm welcome. I‚Äôm excited to be in Hyderabad, India for #GES2017. https://t.co/1U08h5L9Rm"
RT @amitabhk87: Glimpses of the most spectacular GES ever - #GES2017! Thanks to @PMOIndia for driving &amp; guiding the entrepreneurial movemen‚Ä¶
"Congratulations @Ajaita_Shah fm #India &amp; @BarefootCollege She is founder of @FrontierMkts, a startup empowering wom‚Ä¶ https://t.co/mLnwUdzfDu"
"RT @NITIAayog: Meet Tessy Thomas, our #GES2017 speaker also known as the 'Missile Woman' of India. She is the first woman scientist to head‚Ä¶"
RT @ramonray: Great conversation today with @JimBlasingame about #GES2017 @IvankaTrump and the great work of @StateDept around the world
Great conversation today with @JimBlasingame about #GES2017 @IvankaTrump and the great work of @StateDept around the world
"RT @GES2017: .@IvankaTrump: #GES2017 focused on a theme which is key to our future - Women First, Prosperity for All...just think how much‚Ä¶"
"RT @IvankaTrump: At #GES2017 today discussing the importance of workforce development and skills training. Together, we can ensure our soci‚Ä¶"
".@IvankaTrump: #GES2017 focused on a theme which is key to our future - Women First, Prosperity for All...just thin‚Ä¶ https://t.co/PcFaiNhc6n"
"Congratulations Ajaita Shah from #India! She is the founder of @FrontierMkts, a startup empowering women with solar‚Ä¶ https://t.co/cOihHY9Gg1"
RT @amitabhk87: Glimpses of the most spectacular GES ever - #GES2017! Thanks to @PMOIndia for driving &amp; guiding the entrepreneurial movemen‚Ä¶
RT @DIPPGOI: Thank you Agrostar for being a part of the #GES2017 DIPP Innovation Showcase. Your work using technology to provide a fair sha‚Ä¶
"Just another #iPhone shot... Clicked some time during the recent #GES2017 in #Hyderabad... 

#ShotoniPhone #iPhoneSE https://t.co/FhmGtaXOmk"
"RT @NITIAayog: At #GES2017, entrepreneurs from different parts of the globe shared their experiences which were relevant for all! https://t‚Ä¶"
RT @DIPPGOI: Thank you Mera Gao Power for being a part of our #GES2017 DIPP Innovation Showcase. Your efforts towards making power accessib‚Ä¶
RT @USAndChennai: #GES2017 Chennai brought together many talented #womenentrepreneurs! Hear from them and #CGChennai on the theme #WomenFir‚Ä¶
"RT @NITIAayog: At #GES2017, entrepreneurs from different parts of the globe shared their experiences which were relevant for all! https://t‚Ä¶"
RT @USAndChennai: ICYMI: #GES2017 Chennai brought together many talented #womenentrepreneurs! Hear from them and Consul General Robert Burg‚Ä¶
RT @GES2017: He was a monk for seventeen years. She came from a corporate background. Now they're both #entrepreneurs at #GES2017 https://t‚Ä¶
"RT @NITIAayog: At #GES2017, entrepreneurs from different parts of the globe shared their experiences which were relevant for all! https://t‚Ä¶"
RT @DIPPGOI: Thank you @ekgaon for being at DIPP Innovation Showcase at #GES2017. Your efforts in making IT-enabled social services more ac‚Ä¶
RT @DIPPGOI: Thank you Mera Gao Power for being a part of our #GES2017 DIPP Innovation Showcase. Your efforts towards making power accessib‚Ä¶
RT @ManushiChhillar: I am here to speak &amp; interact at the Global Entrepreneurship summit #GES2017 ! Very relevant in today's world that we‚Ä¶
RT @ManushiChhillar: Privileged to be a part of this summit. Thank you for having me :) #GES2017 https://t.co/V8i0tJIwu2
RT @Scavino45: .@IvankaTrump at @GES2017 in India with Prime Minister @narendramodi. #GES2017 https://t.co/0bTDFfkQLy
#RoadAfterGES #reboot - #STEM #social impact #Gandhi  #schools #solar - helping #India to grow - #GES2017‚Ä¶ https://t.co/E7FBvUc7UO
RT @amitabhk87: Glimpses of the most spectacular GES ever - #GES2017! Thanks to @PMOIndia for driving &amp; guiding the entrepreneurial movemen‚Ä¶
RT @amitabhk87: Glimpses of the most spectacular GES ever - #GES2017! Thanks to @PMOIndia for driving &amp; guiding the entrepreneurial movemen‚Ä¶
RT @amitabhk87: Glimpses of the most spectacular GES ever - #GES2017! Thanks to @PMOIndia for driving &amp; guiding the entrepreneurial movemen‚Ä¶
RT @TripleTASD: Thks @NITIAayog @amitabhk87 @narendramodi @IvankaTrump 4 #cool #GES2017 moments - #India + #Australia entrepreneurs and gov‚Ä¶
RT @TripleTASD: Thks @NITIAayog @amitabhk87 @narendramodi @IvankaTrump 4 #cool #GES2017 moments - #India + #Australia entrepreneurs and gov‚Ä¶
Thks @NITIAayog @amitabhk87 @narendramodi @IvankaTrump 4 #cool #GES2017 moments - #India + #Australia entrepreneurs‚Ä¶ https://t.co/YUCn8Vy1GC
@DIPPGOI Thank you so much. It was an honour to be a part of #GES2017 .Thanks All !
RT @amitabhk87: Glimpses of the most spectacular GES ever - #GES2017! Thanks to @PMOIndia for driving &amp; guiding the entrepreneurial movemen‚Ä¶
RT @DIPPGOI: Thank you Mera Gao Power for being a part of our #GES2017 DIPP Innovation Showcase. Your efforts towards making power accessib‚Ä¶
RT @DIPPGOI: Thank you Mera Gao Power for being a part of our #GES2017 DIPP Innovation Showcase. Your efforts towards making power accessib‚Ä¶
RT @amitabhk87: Glimpses of the most spectacular GES ever - #GES2017! Thanks to @PMOIndia for driving &amp; guiding the entrepreneurial movemen‚Ä¶
"Throwback to the grand welcome of the delegates of Global Entrepreneurship Summit, 2017 by RGIA. @GES2017 #GES2017‚Ä¶ https://t.co/8gmVsNFhWW"
RT @ScoringCard: #GES2017 @Roger_ZOUNDI  pitching time.Thanks @IvankaTrump thanks @GES2017 thanks @GISTNetwork thanks @PMOIndia https://t.c‚Ä¶
RT @DIPPGOI: Thank you @LegalDeskIndia for being a part of DIPPs Innovation Showcase at #GES2017. Your smart solutions have reduced the tim‚Ä¶
RT @DIPPGOI: Thank you Mera Gao Power for being a part of our #GES2017 DIPP Innovation Showcase. Your efforts towards making power accessib‚Ä¶
RT @DIPPGOI: Thank you Agrostar for being a part of the #GES2017 DIPP Innovation Showcase. Your work using technology to provide a fair sha‚Ä¶
RT @amitabhk87: Glimpses of the most spectacular GES ever - #GES2017! Thanks to @PMOIndia for driving &amp; guiding the entrepreneurial movemen‚Ä¶
"What a gesture, thank you @DIPPGOI for organizing such a prophetic event as #GES2017 and involving @LegalDeskIndia‚Ä¶ https://t.co/1ywiDOcFqY"
#GES2017 @Roger_ZOUNDI  pitching time.Thanks @IvankaTrump thanks @GES2017 thanks @GISTNetwork thanks @PMOIndia https://t.co/h6Y6zCyzFZ
"RT @rishibagree: First NDTV as Media partner.
Now a soft porn writer Shobhaa De as main speaker speaking on economy in #GES2017 reducing th‚Ä¶"
RT @DIPPGOI: Thank you Agrostar for being a part of the #GES2017 DIPP Innovation Showcase. Your work using technology to provide a fair sha‚Ä¶
RT DIPPGOI: Thank you LegalDeskIndia for being a part of DIPPs Innovation Showcase at #GES2017. Your smart solution‚Ä¶ https://t.co/6Ghbnk1bEV
RT DIPPGOI: Thank you Agrostar for being a part of the #GES2017 DIPP Innovation Showcase. Your work using technolog‚Ä¶ https://t.co/JjPjOpqWHb
RT DIPPGOI: Thank you Mera Gao Power for being a part of our #GES2017 DIPP Innovation Showcase. Your efforts toward‚Ä¶ https://t.co/hNb5gdwsIu
RT DIPPGOI: Thank you ekgaon for being at DIPP Innovation Showcase at #GES2017. Your efforts in making IT-enabled s‚Ä¶ https://t.co/Vp19VvUjaT
RT @DIPPGOI: Thank you @LegalDeskIndia for being a part of DIPPs Innovation Showcase at #GES2017. Your smart solutions have reduced the tim‚Ä¶
RT @DIPPGOI: Thank you @LegalDeskIndia for being a part of DIPPs Innovation Showcase at #GES2017. Your smart solutions have reduced the tim‚Ä¶
RT @DIPPGOI: Thank you Agrostar for being a part of the #GES2017 DIPP Innovation Showcase. Your work using technology to provide a fair sha‚Ä¶
RT @DIPPGOI: Thank you Mera Gao Power for being a part of our #GES2017 DIPP Innovation Showcase. Your efforts towards making power accessib‚Ä¶
RT @DIPPGOI: Thank you @ekgaon for being at DIPP Innovation Showcase at #GES2017. Your efforts in making IT-enabled social services more ac‚Ä¶
"RT @swarupds: #GES2017 #Save_CGL_16 
@HRDMinistry @narendramodi @PMOIndia @smritiirani @DoPTGoI  @aajtaknews @aajtak @ndtv 
It's a request‚Ä¶"
Thank you @ekgaon for being at DIPP Innovation Showcase at #GES2017. Your efforts in making IT-enabled social servi‚Ä¶ https://t.co/oxOHc5QWox
RT @amitabhk87: Glimpses of the most spectacular GES ever - #GES2017! Thanks to @PMOIndia for driving &amp; guiding the entrepreneurial movemen‚Ä¶
RT @DIPPGOI: Thank you @LegalDeskIndia for being a part of DIPPs Innovation Showcase at #GES2017. Your smart solutions have reduced the tim‚Ä¶
RT @DIPPGOI: Thank you Mera Gao Power for being a part of our #GES2017 DIPP Innovation Showcase. Your efforts towards making power accessib‚Ä¶
#day3 #GES2017 highlight - @TripleTASD + @MelzoExp form awesome #India #Australia to bring #vr to 1Billion users‚Ä¶ https://t.co/60Ttj6PLoi
"RT @NITIAayog: Meet Tessy Thomas, our #GES2017 speaker also known as the 'Missile Woman' of India. She is the first woman scientist to head‚Ä¶"
RT @GES2017: .@TelanganaCMO K. Chandrasekhar Rao delivers a welcome address at the opening plenary of #GES2017. https://t.co/9vhzpMZv8C
"RT @IvankaTrump: At #GES2017 today discussing the importance of workforce development and skills training. Together, we can ensure our soci‚Ä¶"
Thank you Mera Gao Power for being a part of our #GES2017 DIPP Innovation Showcase. Your efforts towards making pow‚Ä¶ https://t.co/LsNSNF4xcj
Thank you Agrostar for being a part of the #GES2017 DIPP Innovation Showcase. Your work using technology to provide‚Ä¶ https://t.co/6v6TZonu5T
Thank you @LegalDeskIndia for being a part of DIPPs Innovation Showcase at #GES2017. Your smart solutions have redu‚Ä¶ https://t.co/zwPM28ESUc
"Join with the entrepreneurs who participated in the #GES2017 in #India on a Facebook Live, ‚ÄúDiversity in Business:‚Ä¶ https://t.co/J40v8zG0xv"
RT @AnzFunzTech: #Mersal #Thalapathy #Vijay #Vijay62 #Thalapathy62 #Viswasam #Velaikkaran #AnushkaShetty #RAW #wwe #GES2017 #SakkaPoduPoduR‚Ä¶
RT @amitabhk87: Glimpses of the most spectacular GES ever - #GES2017! Thanks to @PMOIndia for driving &amp; guiding the entrepreneurial movemen‚Ä¶
RT @amitabhk87: Glimpses of the most spectacular GES ever - #GES2017! Thanks to @PMOIndia for driving &amp; guiding the entrepreneurial movemen‚Ä¶
RT @amitabhk87: Glimpses of the most spectacular GES ever - #GES2017! Thanks to @PMOIndia for driving &amp; guiding the entrepreneurial movemen‚Ä¶
"RT @NITIAayog: At #GES2017, entrepreneurs from different parts of the globe shared their experiences which were relevant for all! https://t‚Ä¶"
RT @amitabhk87: Glimpses of the most spectacular GES ever - #GES2017! Thanks to @PMOIndia for driving &amp; guiding the entrepreneurial movemen‚Ä¶
"RT @NITIAayog: At #GES2017, entrepreneurs from different parts of the globe shared their experiences which were relevant for all! https://t‚Ä¶"
"RT @NITIAayog: At #GES2017, entrepreneurs from different parts of the globe shared their experiences which were relevant for all! https://t‚Ä¶"
RT @PreetiSinha_: Excited to be #GES2017 raising the flag for Indian Women Entrepreneurs supporting and funding via @yesglobalinsti @Narend‚Ä¶
RT @PreetiSinha_: The 800 million potential entrepreneurs in India can make the world a better place @Narendramodi_PM #ges2017 @YESGlobalIn‚Ä¶
RT @YESGlobalInsti: India is truly an inspiration for all of us across the world: Senior Advisor to US President @IvankaTrump #GES2017 http‚Ä¶
RT @YESBANK: YES BANK unveiled a road-map at #GES2017 on Transformational Role of Technology in #Agribusiness growth. With @NASSCOMCoEIoT @‚Ä¶
RT @amitabhk87: Glimpses of the most spectacular GES ever - #GES2017! Thanks to @PMOIndia for driving &amp; guiding the entrepreneurial movemen‚Ä¶
"RT @NITIAayog: At #GES2017, entrepreneurs from different parts of the globe shared their experiences which were relevant for all! https://t‚Ä¶"
RT @amitabhk87: Glimpses of the most spectacular GES ever - #GES2017! Thanks to @PMOIndia for driving &amp; guiding the entrepreneurial movemen‚Ä¶
RT @amitabhk87: Glimpses of the most spectacular GES ever - #GES2017! Thanks to @PMOIndia for driving &amp; guiding the entrepreneurial movemen‚Ä¶
RT @amitabhk87: Glimpses of the most spectacular GES ever - #GES2017! Thanks to @PMOIndia for driving &amp; guiding the entrepreneurial movemen‚Ä¶
"RT @adleonee: The idea of ""who I'm is illusion"" than actually ""who I'm"" #ThursdayThoughts  #Leadership #GES2017 #fitness #fitnessmotivation‚Ä¶"
"RT @NITIAayog: At #GES2017, entrepreneurs from different parts of the globe shared their experiences which were relevant for all! https://t‚Ä¶"
RT @amitabhk87: Glimpses of the most spectacular GES ever - #GES2017! Thanks to @PMOIndia for driving &amp; guiding the entrepreneurial movemen‚Ä¶
"RT @NITIAayog: At #GES2017, entrepreneurs from different parts of the globe shared their experiences which were relevant for all! https://t‚Ä¶"
"RT @NITIAayog: At #GES2017, entrepreneurs from different parts of the globe shared their experiences which were relevant for all! https://t‚Ä¶"
CM KCR Speech @ Global Entrepreneurship Summit | #GES2017 | TV5 News https://t.co/n1S3kbtMqp https://t.co/9t9Fa2MWuW
CM KCR Speech @ Global Entrepreneurship Summit | #GES2017 | TV5 News https://t.co/o4q7Mgb7wZ https://t.co/6iBYDIRjkN
"RT @NITIAayog: At #GES2017, entrepreneurs from different parts of the globe shared their experiences which were relevant for all! https://t‚Ä¶"
"RT @NITIAayog: At #GES2017, entrepreneurs from different parts of the globe shared their experiences which were relevant for all! https://t‚Ä¶"
"RT @NITIAayog: At #GES2017, entrepreneurs from different parts of the globe shared their experiences which were relevant for all! https://t‚Ä¶"
"At #GES2017, entrepreneurs from different parts of the globe shared their experiences which were relevant for all! https://t.co/3r0qRLWcUr"
"RT @VinavB: ""If I Knew Then What I Know Now‚Äù
#Entrepreneur #learnfromtheoneswhoknow #investartindia #ges2017 #StartupIndia #investors #star‚Ä¶"
"RT @mukesh_das3: #GES2017
#‡§Ö‡§Ç‡§ß‡§∂‡•ç‡§∞‡§¶‡•ç‡§ß‡§æ‡§≠‡§ï‡•ç‡§§‡§ø_‡§ñ‡§§‡§∞‡§æ_‡§è_‡§ú‡§æ‡§®
According to kuran sharif- surat furkani no.25 ayat no. 52 to 59. It is written god i‚Ä¶"
RT @amitabhk87: Glimpses of the most spectacular GES ever - #GES2017! Thanks to @PMOIndia for driving &amp; guiding the entrepreneurial movemen‚Ä¶
RT @amitabhk87: Glimpses of the most spectacular GES ever - #GES2017! Thanks to @PMOIndia for driving &amp; guiding the entrepreneurial movemen‚Ä¶
RT @amitabhk87: Glimpses of the most spectacular GES ever - #GES2017! Thanks to @PMOIndia for driving &amp; guiding the entrepreneurial movemen‚Ä¶
RT @amitabhk87: Glimpses of the most spectacular GES ever - #GES2017! Thanks to @PMOIndia for driving &amp; guiding the entrepreneurial movemen‚Ä¶
RT @amitabhk87: Glimpses of the most spectacular GES ever - #GES2017! Thanks to @PMOIndia for driving &amp; guiding the entrepreneurial movemen‚Ä¶
"#GES2017 brings together leading investors, entrepreneurs, academicians, think-tanks and other stakeholders to prop‚Ä¶ https://t.co/OHA1J2Exu8"
I see 800 million potential entrepreneurs who can work towards making the world a better place: PM Modi at #GES2017‚Ä¶ https://t.co/JkCYufWbpf
"In India, we have constitutionally provided for not less than one third of women representation in rural and urban‚Ä¶ https://t.co/D4noT5DRIl"
RT @amitabhk87: Glimpses of the most spectacular GES ever - #GES2017! Thanks to @PMOIndia for driving &amp; guiding the entrepreneurial movemen‚Ä¶
RT @amitabhk87: Glimpses of the most spectacular GES ever - #GES2017! Thanks to @PMOIndia for driving &amp; guiding the entrepreneurial movemen‚Ä¶
RT @NITIAayog: NITI Aayog CEO @amitabhk87 &amp; @USAmbIndia Kenneth Juster at the #GES2017 Virtual Exhibition. The artwork showcases entreprene‚Ä¶
"#GES2017 brings together leading investors, entrepreneurs, academicians, think-tanks and other stakeholders to prop‚Ä¶ https://t.co/xAP0iFlB1u"
"In Indian mythology, woman is an incarnation of Shakti - the Goddess of power. We believe women empowerment is cruc‚Ä¶ https://t.co/Jame5TNzbr"
"#GES2017: Indian women continue to lead in different walks of life. Our space programmes, including the Mars Orbite‚Ä¶ https://t.co/P0aYZvAaw3"
"In India, we have constitutionally provided for not less than one third of women representation in rural and urban‚Ä¶ https://t.co/fzzvm8JxJK"
I see 800 million potential entrepreneurs who can work towards making the world a better place: PM Modi at #GES2017‚Ä¶ https://t.co/GoilmRi0Pq
Our Start-Up India programme is a comprehensive action plan to foster entrepreneurship and promote innovation. It a‚Ä¶ https://t.co/YXuN5ejgnI
We have launched the MUDRA scheme to provide easy finance of upto one million rupees to entrepreneurs; more than 70‚Ä¶ https://t.co/x9ewXCKIVp
"A historic overhaul of the taxation system has been recently undertaken, bringing in the Goods and Services Tax acr‚Ä¶ https://t.co/KKb6visZ99"
"To my entrepreneur friends from across the globe, I would like to say: Come, Make in India, Invest in India - for I‚Ä¶ https://t.co/BgVxj2JbOu"
RT @amitabhk87: Glimpses of the most spectacular GES ever - #GES2017! Thanks to @PMOIndia for driving &amp; guiding the entrepreneurial movemen‚Ä¶
RT @amitabhk87: Glimpses of the most spectacular GES ever - #GES2017! Thanks to @PMOIndia for driving &amp; guiding the entrepreneurial movemen‚Ä¶
RT @amitabhk87: Glimpses of the most spectacular GES ever - #GES2017! Thanks to @PMOIndia for driving &amp; guiding the entrepreneurial movemen‚Ä¶
RT @amitabhk87: Glimpses of the most spectacular GES ever - #GES2017! Thanks to @PMOIndia for driving &amp; guiding the entrepreneurial movemen‚Ä¶
